TodayDropBin,NextDayReturn
"(-0.2, -0.1]",0.4
"(-0.1, -0.07]",0.625
"(-0.07, -0.05]",0.5
"(-0.05, -0.03]",0.6216216216216216
"(-0.03, -0.01]",0.6716417910447762
"(-0.01, 0.0]",0.5909090909090909
"(0.0, 0.01]",0.48148148148148145
"(0.01, 0.03]",0.5063291139240507
"(0.03, 0.05]",0.5689655172413793
"(0.05, 0.1]",0.625
"(0.1, 0.2]",0.6
