TodayDropBin,NextDayReturn
"(-0.2, -0.1]",0.5
"(-0.1, -0.07]",0.4074074074074074
"(-0.07, -0.05]",0.5384615384615384
"(-0.05, -0.03]",0.46808510638297873
"(-0.03, -0.01]",0.36764705882352944
"(-0.01, 0.0]",0.38095238095238093
"(0.0, 0.01]",0.6585365853658537
"(0.01, 0.03]",0.45454545454545453
"(0.03, 0.05]",0.4642857142857143
"(0.05, 0.1]",0.5116279069767442
"(0.1, 0.2]",0.2727272727272727
