TodayDropBin,NextDayReturn
"(-0.2, -0.1]",
"(-0.1, -0.07]",
"(-0.07, -0.05]",
"(-0.05, -0.03]",0.0
"(-0.03, -0.01]",0.6428571428571429
"(-0.01, 0.0]",0.6756756756756757
"(0.0, 0.01]",0.5581395348837209
"(0.01, 0.03]",0.3333333333333333
"(0.03, 0.05]",0.5
"(0.05, 0.1]",1.0
"(0.1, 0.2]",0.0
