TodayDropBin,NextDayReturn
"(-0.2, -0.1]",0.7142857142857143
"(-0.1, -0.07]",0.6
"(-0.07, -0.05]",0.5
"(-0.05, -0.03]",0.5666666666666667
"(-0.03, -0.01]",0.6075949367088608
"(-0.01, 0.0]",0.47619047619047616
"(0.0, 0.01]",0.5625
"(0.01, 0.03]",0.5
"(0.03, 0.05]",0.5454545454545454
"(0.05, 0.1]",0.5
"(0.1, 0.2]",0.4
